,Index,Customer Id,First Name,Last Name,Company,City,Country,Phone 1,Phone 2,Email,Subscription Date,Website
0,1,dE014d010c7ab0c,Andrew,Goodman,Stewart-Flynn,Rowlandberg,Macao,846-790-4623x4715,(422)787-2331x71127,marieyates@gomez-spencer.info,2021-07-26,http://www.shea.biz/
1,2,2B54172c8b65eC3,Alvin,Lane,"Terry, Proctor and Lawrence",Bethside,Papua New Guinea,124-597-8652x05682,321.441.0588x6218,alexandra86@mccoy.com,2021-06-24,http://www.pena-cole.com/
2,3,d794Dd48988d2ac,Jenna,Harding,Bailey Group,Moniquemouth,China,(335)987-3085x3780,001-680-204-8312,justincurtis@pierce.org,2020-04-05,http://www.booth-reese.biz/
3,4,3b3Aa4aCc68f3Be,Fernando,Ford,Moss-Maxwell,Leeborough,Macao,(047)752-3122,048.779.5035x9122,adeleon@hubbard.org,2020-11-29,http://www.hebert.com/
4,5,D60df62ad2ae41E,Kara,Woods,Mccarthy-Kelley,Port Jacksonland,Nepal,+1-360-693-4419x19272,163-627-2565,jesus90@roberson.info,2022-04-22,http://merritt.com/
5,6,8aaa5d0CE9ee311,Marissa,Gamble,Cherry and Sons,Webertown,Sudan,001-645-334-5514x0786,(751)980-3163,katieallison@leonard.com,2021-11-17,http://www.kaufman.org/
6,7,73B22Ac8A43DD1A,Julie,Cooley,"Yu, Norman and Sharp",West Sandra,Japan,+1-675-243-7422x9177,(703)337-5903,priscilla88@stephens.info,2022-03-26,http://www.sexton-chang.com/
7,8,DC94CCd993D311b,Lauren,Villa,"French, Travis and Hensley",New Yolanda,Fiji,081.226.1797x647,186.540.9690x605,colehumphrey@austin-caldwell.com,2020-08-14,https://www.kerr.com/
8,9,9Ba746Cb790FED9,Emily,Bryant,"Moon, Strickland and Combs",East Normanchester,Seychelles,430-401-5228x35091,115-835-3840,buckyvonne@church-lutz.com,2020-12-30,http://grimes.com/
9,10,aAa1EDfaA70DA0c,Marie,Estrada,May Inc,Welchton,United Arab Emirates,001-648-790-9244,973-767-3611,christie44@mckenzie.biz,2020-09-03,https://www.salinas.net/
